N,AVLFindBest,AVLFindWorst,AVLFindAverage,BSTFindBest,BSTFindWorst,BSTFindAverage,AVLInsertBest,AVLInsertWorst,AVLInsertAverage,BSTInsertBest,BSTInsertWorst,BSTInsertAverage
1,7,7,7.0,1,1,1.0,2,2,2.0,0,0,0.0
2,3,7,5.0,1,3,2.0,2,6,4.0,0,2,1.0
3,3,7,5.0,1,5,3.0,2,12,6.666666666666667,0,6,2.6666666666666665
4,3,9,6.0,1,5,3.5,2,18,9.5,0,10,4.5
5,3,9,6.6,1,5,3.4,2,24,12.4,0,12,6.0
6,3,9,6.0,1,5,3.6666666666666665,2,32,15.666666666666666,0,16,7.666666666666667
7,3,9,6.428571428571429,1,7,4.142857142857143,2,40,19.142857142857142,0,22,9.714285714285714
8,3,15,7.5,1,7,4.5,2,48,22.75,0,28,12.0
9,3,17,8.555555555555555,1,7,4.777777777777778,2,56,26.444444444444443,0,34,14.444444444444445
10,3,17,9.4,1,7,5.0,2,64,30.2,0,40,17.0
11,3,17,9.909090909090908,1,9,5.363636363636363,2,74,34.18181818181818,0,48,19.818181818181817
12,3,17,10.0,1,9,5.666666666666667,2,84,38.333333333333336,0,56,22.833333333333332
13,3,17,9.76923076923077,1,11,6.076923076923077,2,96,42.76923076923077,0,66,26.153846153846153
14,3,17,9.714285714285714,1,11,6.285714285714286,2,104,47.142857142857146,0,74,29.571428571428573
15,3,17,9.8,1,11,6.466666666666667,2,112,51.46666666666667,0,82,33.06666666666667
16,3,17,10.125,1,11,6.75,2,122,55.875,0,92,36.75
17,3,17,10.411764705882353,1,11,6.764705882352941,2,132,60.35294117647059,0,98,40.35294117647059
18,3,17,10.777777777777779,1,11,6.777777777777778,2,140,64.77777777777777,0,104,43.888888888888886
19,3,17,10.68421052631579,1,11,6.894736842105263,2,150,69.26315789473684,0,112,47.473684210526315
20,3,17,10.9,1,11,7.1,2,160,73.8,0,122,51.2
21,1,17,10.428571428571429,1,11,7.285714285714286,2,172,78.47619047619048,0,132,55.04761904761905
22,1,17,10.454545454545455,1,11,7.363636363636363,2,182,83.18181818181819,0,140,58.90909090909091
23,1,17,10.73913043478261,1,11,7.260869565217392,2,194,88.0,0,144,62.608695652173914
24,1,17,10.5,1,13,7.5,2,206,92.91666666666667,0,156,66.5
25,1,17,10.52,1,13,7.72,2,216,97.84,0,168,70.56
26,1,17,10.461538461538462,1,13,7.923076923076923,2,228,102.84615384615384,0,180,74.76923076923077
27,1,17,10.62962962962963,1,13,7.962962962962963,2,240,107.92592592592592,0,188,78.96296296296296
28,1,17,10.571428571428571,1,13,8.071428571428571,2,250,113.0,0,198,83.21428571428571
29,1,17,10.793103448275861,1,13,8.241379310344827,2,262,118.13793103448276,0,210,87.58620689655173
30,1,17,10.8,1,15,8.466666666666667,2,274,123.33333333333333,0,224,92.13333333333334
31,1,17,10.741935483870968,1,15,8.548387096774194,2,284,128.51612903225808,0,234,96.70967741935483
32,1,17,10.8125,1,15,8.625,2,296,133.75,0,244,101.3125
33,1,17,10.696969696969697,1,15,8.757575757575758,2,310,139.0909090909091,0,256,106.0
34,1,17,10.882352941176471,1,15,8.882352941176471,2,320,144.41176470588235,0,268,110.76470588235294
35,1,17,11.0,1,15,9.0,2,332,149.77142857142857,0,280,115.6
36,1,17,10.88888888888889,1,15,9.11111111111111,2,344,155.16666666666666,0,292,120.5
37,1,17,11.0,1,17,9.324324324324325,2,358,160.64864864864865,0,308,125.56756756756756
38,1,17,11.105263157894736,1,17,9.473684210526315,2,372,166.21052631578948,0,322,130.73684210526315
39,1,17,11.256410256410257,1,17,9.512820512820513,2,384,171.7948717948718,0,332,135.89743589743588
40,1,17,11.3,1,17,9.65,2,398,177.45,0,346,141.15
41,1,17,11.439024390243903,1,17,9.731707317073171,2,412,183.17073170731706,0,358,146.4390243902439
42,1,17,11.523809523809524,1,17,9.857142857142858,2,424,188.9047619047619,0,372,151.8095238095238
43,1,17,11.651162790697674,1,17,9.930232558139535,2,436,194.65116279069767,0,384,157.2093023255814
44,1,17,11.5,1,17,10.090909090909092,2,450,200.45454545454547,0,400,162.72727272727272
45,1,17,11.577777777777778,1,17,10.2,2,464,206.3111111111111,0,414,168.3111111111111
46,1,17,11.652173913043478,1,17,10.347826086956522,2,478,212.2173913043478,0,430,174.0
47,1,17,11.680851063829786,1,17,10.319148936170214,2,490,218.12765957446808,0,438,179.61702127659575
48,1,17,11.708333333333334,1,17,10.375,2,504,224.08333333333334,0,450,185.25
49,1,17,11.816326530612244,1,17,10.428571428571429,2,518,230.08163265306123,0,462,190.89795918367346
50,1,17,11.92,1,17,10.52,2,532,236.12,0,476,196.6
51,1,17,12.019607843137255,1,17,10.490196078431373,2,544,242.15686274509804,0,484,202.23529411764707
52,1,17,11.884615384615385,1,17,10.5,2,558,248.23076923076923,0,494,207.84615384615384
53,1,17,11.79245283018868,1,19,10.660377358490566,2,572,254.33962264150944,0,512,213.58490566037736
54,1,17,11.777777777777779,1,21,10.851851851851851,2,586,260.48148148148147,0,532,219.4814814814815
55,1,17,11.836363636363636,1,21,10.854545454545455,2,600,266.6545454545454,0,542,225.34545454545454
56,1,17,11.857142857142858,1,21,10.892857142857142,2,614,272.85714285714283,0,554,231.21428571428572
57,1,17,11.912280701754385,1,21,10.964912280701755,2,628,279.0877192982456,0,568,237.12280701754386
58,1,17,11.96551724137931,1,21,11.03448275862069,2,642,285.3448275862069,0,582,243.06896551724137
59,1,17,11.94915254237288,1,21,11.033898305084746,2,656,291.6271186440678,0,592,248.98305084745763
60,1,17,12.033333333333333,1,21,11.1,2,670,297.93333333333334,0,606,254.93333333333334
61,1,17,12.081967213114755,1,21,11.19672131147541,2,684,304.26229508196724,0,622,260.95081967213116
62,1,17,12.096774193548388,1,21,11.258064516129032,2,698,310.61290322580646,0,636,267.0
63,1,19,12.206349206349206,1,21,11.380952380952381,2,712,316.984126984127,0,654,273.14285714285717
64,1,19,12.1875,1,21,11.53125,2,726,323.375,0,674,279.40625
65,1,19,12.2,1,21,11.553846153846154,2,740,329.7846153846154,0,686,285.66153846153844
66,1,19,12.151515151515152,1,21,11.606060606060606,2,754,336.2121212121212,0,700,291.93939393939394
67,1,19,12.194029850746269,1,21,11.656716417910447,2,770,342.6865671641791,0,714,298.23880597014926
68,1,19,12.264705882352942,1,21,11.735294117647058,2,786,349.20588235294116,0,730,304.5882352941176
69,1,19,12.304347826086957,1,21,11.72463768115942,2,800,355.7391304347826,0,740,310.8985507246377
70,1,19,12.257142857142858,1,21,11.8,2,816,362.3142857142857,0,756,317.25714285714287
71,1,19,12.295774647887324,1,21,11.816901408450704,2,832,368.92957746478874,0,768,323.6056338028169
72,1,19,12.25,1,21,11.88888888888889,2,846,375.55555555555554,0,784,330.0
73,1,19,12.26027397260274,1,23,12.04109589041096,2,862,382.2191780821918,0,806,336.52054794520546
74,1,19,12.27027027027027,1,23,12.027027027027026,2,874,388.86486486486484,0,816,343.0
75,1,19,12.28,1,23,12.093333333333334,2,890,395.5466666666667,0,832,349.52
76,1,19,12.31578947368421,1,23,12.026315789473685,2,904,402.2368421052632,0,838,355.94736842105266
77,1,19,12.246753246753247,1,23,12.090909090909092,2,920,408.961038961039,0,854,362.4155844155844
78,1,19,12.256410256410257,1,23,12.076923076923077,2,936,415.71794871794873,0,864,368.84615384615387
79,1,19,12.316455696202532,1,23,12.063291139240507,2,952,422.50632911392404,0,874,375.24050632911394
80,1,19,12.325,1,23,12.15,2,968,429.325,0,892,381.7
81,1,19,12.382716049382717,1,23,12.25925925925926,2,984,436.17283950617286,0,912,388.24691358024694
82,1,19,12.365853658536585,1,23,12.292682926829269,2,998,443.0243902439024,0,926,394.8048780487805
83,1,19,12.44578313253012,1,23,12.349397590361447,2,1014,449.90361445783134,0,942,401.3975903614458
84,1,19,12.380952380952381,1,23,12.357142857142858,2,1028,456.7857142857143,0,954,407.9761904761905
85,1,19,12.388235294117647,1,23,12.435294117647059,2,1044,463.6941176470588,0,972,414.61176470588236
86,1,19,12.348837209302326,1,23,12.534883720930232,2,1060,470.6279069767442,0,992,421.3255813953488
87,1,19,12.402298850574713,1,23,12.60919540229885,2,1078,477.60919540229884,0,1010,428.0919540229885
88,1,19,12.386363636363637,1,23,12.659090909090908,2,1092,484.59090909090907,0,1026,434.8863636363636
89,1,19,12.438202247191011,1,23,12.685393258426966,2,1108,491.59550561797755,0,1040,441.685393258427
90,1,19,12.488888888888889,1,23,12.688888888888888,2,1122,498.6,0,1052,448.46666666666664
91,1,19,12.538461538461538,1,23,12.802197802197803,2,1138,505.6263736263736,0,1074,455.34065934065933
92,1,19,12.521739130434783,1,23,12.847826086956522,2,1152,512.6521739130435,0,1090,462.2391304347826
93,1,19,12.548387096774194,1,23,12.89247311827957,2,1168,519.6989247311828,0,1106,469.16129032258067
94,1,19,12.595744680851064,1,23,12.936170212765957,2,1182,526.7446808510638,0,1122,476.1063829787234
95,1,19,12.642105263157895,1,23,13.0,2,1196,533.7894736842105,0,1140,483.09473684210525
96,1,19,12.666666666666666,1,23,13.020833333333334,2,1214,540.875,0,1154,490.0833333333333
97,1,19,12.690721649484535,1,23,13.041237113402062,2,1230,547.979381443299,0,1168,497.07216494845363
98,1,19,12.714285714285714,1,23,13.10204081632653,2,1246,555.1020408163265,0,1186,504.1020408163265
99,1,19,12.777777777777779,1,25,13.222222222222221,2,1262,562.2424242424242,0,1210,511.2323232323232
100,1,19,12.8,1,25,13.26,2,1276,569.38,0,1226,518.38
101,1,19,12.782178217821782,1,25,13.217821782178218,2,1292,576.5346534653465,0,1234,525.4653465346535
102,1,19,12.764705882352942,1,25,13.215686274509803,2,1306,583.6862745098039,0,1246,532.5294117647059
103,1,19,12.78640776699029,1,25,13.174757281553399,2,1318,590.8155339805825,0,1254,539.5339805825242
104,1,19,12.76923076923077,1,25,13.153846153846153,2,1332,597.9423076923077,0,1264,546.5
105,1,19,12.80952380952381,1,25,13.114285714285714,2,1346,605.0666666666667,0,1272,553.4095238095238
106,1,19,12.79245283018868,1,25,13.132075471698114,2,1360,612.188679245283,0,1286,560.3207547169811
107,1,19,12.813084112149532,1,25,13.16822429906542,2,1376,619.3271028037383,0,1302,567.2523364485982
108,1,19,12.777777777777779,1,25,13.185185185185185,2,1392,626.4814814814815,0,1316,574.1851851851852
109,1,19,12.779816513761467,1,25,13.238532110091743,2,1406,633.6330275229358,0,1334,581.1559633027523
110,1,19,12.818181818181818,1,25,13.272727272727273,2,1422,640.8,0,1350,588.1454545454545
111,1,19,12.837837837837839,1,25,13.306306306306306,2,1440,648.0,0,1366,595.1531531531532
112,1,19,12.839285714285714,1,25,13.339285714285714,2,1454,655.1964285714286,0,1382,602.1785714285714
113,1,19,12.84070796460177,1,25,13.389380530973451,2,1470,662.4070796460177,0,1400,609.2389380530974
114,1,19,12.859649122807017,1,25,13.43859649122807,2,1486,669.6315789473684,0,1418,616.3333333333334
115,1,19,12.826086956521738,1,25,13.417391304347825,2,1502,676.8695652173913,0,1428,623.3913043478261
116,1,19,12.827586206896552,1,25,13.431034482758621,2,1518,684.1206896551724,0,1442,630.448275862069
117,1,19,12.863247863247864,1,25,13.461538461538462,2,1534,691.3846153846154,0,1458,637.5213675213676
118,1,19,12.864406779661017,1,25,13.474576271186441,2,1550,698.6610169491526,0,1472,644.5932203389831
119,1,19,12.899159663865547,1,25,13.470588235294118,2,1566,705.9495798319327,0,1484,651.6470588235294
120,1,19,12.916666666666666,1,25,13.45,2,1580,713.2333333333333,0,1494,658.6666666666666
121,1,19,12.917355371900827,1,25,13.52892561983471,2,1596,720.5289256198347,0,1516,665.7520661157025
122,1,19,12.934426229508198,1,25,13.573770491803279,2,1612,727.8360655737705,0,1534,672.8688524590164
123,1,19,12.951219512195122,1,25,13.56910569105691,2,1628,735.1544715447154,0,1546,679.9674796747968
124,1,19,12.983870967741936,1,25,13.612903225806452,2,1644,742.483870967742,0,1564,687.0967741935484
125,1,19,13.0,1,25,13.688,2,1658,749.808,0,1586,694.288
126,1,19,13.031746031746032,1,25,13.714285714285714,2,1676,757.1587301587301,0,1602,701.4920634920635
127,1,19,13.015748031496063,1,25,13.771653543307087,2,1692,764.5196850393701,0,1622,708.7401574803149
128,1,19,13.015625,1,25,13.75,2,1708,771.890625,0,1632,715.953125
129,1,19,13.0,1,25,13.775193798449612,2,1724,779.2713178294574,0,1648,723.1782945736434
130,1,19,13.0,1,25,13.846153846153847,2,1740,786.6615384615385,0,1670,730.4615384615385
131,1,19,12.98473282442748,1,25,13.900763358778626,2,1758,794.0763358778626,0,1690,737.7862595419847
132,1,19,13.0,1,25,13.893939393939394,2,1772,801.4848484848485,0,1702,745.0909090909091
133,1,19,13.030075187969924,1,25,13.93233082706767,2,1790,808.9172932330827,0,1720,752.421052631579
134,1,19,13.059701492537313,1,25,13.940298507462687,2,1808,816.3731343283582,0,1734,759.7462686567164
135,1,19,13.059259259259258,1,25,13.933333333333334,2,1824,823.837037037037,0,1746,767.0518518518519
136,1,19,13.088235294117647,1,25,13.985294117647058,2,1842,831.3235294117648,0,1766,774.3970588235294
137,1,19,13.102189781021897,1,25,14.021897810218977,2,1860,838.8321167883212,0,1784,781.7664233576643
138,1,19,13.08695652173913,1,25,14.028985507246377,2,1876,846.3478260869565,0,1798,789.1304347826087
139,1,19,13.115107913669064,1,25,14.079136690647482,2,1892,853.8705035971223,0,1818,796.5323741007194
140,1,19,13.128571428571428,1,25,14.1,2,1910,861.4142857142857,0,1834,803.9428571428572
141,1,19,13.113475177304965,1,25,14.106382978723405,2,1926,868.9645390070922,0,1848,811.3475177304964
142,1,19,13.126760563380282,1,25,14.169014084507042,2,1940,876.5070422535211,0,1870,818.8028169014085
143,1,19,13.13986013986014,1,25,14.174825174825175,2,1958,884.06993006993,0,1884,826.2517482517483
144,1,19,13.166666666666666,1,25,14.23611111111111,2,1976,891.6527777777778,0,1906,833.75
145,1,19,13.137931034482758,1,25,14.310344827586206,2,1994,899.255172413793,0,1930,841.3103448275862
146,1,19,13.123287671232877,1,25,14.383561643835616,2,2010,906.8630136986301,0,1954,848.931506849315
147,1,19,13.136054421768707,1,25,14.401360544217686,2,2028,914.4897959183673,0,1970,856.5578231292517
148,1,19,13.162162162162161,1,25,14.445945945945946,2,2046,922.1351351351351,0,1990,864.2162162162163
149,1,19,13.187919463087248,1,25,14.516778523489933,2,2062,929.7852348993289,0,2014,871.9328859060403
150,1,19,13.213333333333333,1,25,14.546666666666667,2,2080,937.4533333333334,0,2032,879.6666666666666
151,1,19,13.211920529801324,1,25,14.57615894039735,2,2098,945.1390728476821,0,2050,887.4172185430464
152,1,19,13.210526315789474,1,25,14.618421052631579,2,2114,952.828947368421,0,2070,895.1973684210526
153,1,19,13.222222222222221,1,25,14.633986928104575,2,2130,960.5228758169935,0,2086,902.9803921568628
154,1,19,13.233766233766234,1,25,14.636363636363637,2,2146,968.2207792207793,0,2100,910.7532467532468
155,1,19,13.245161290322581,1,25,14.703225806451613,2,2162,975.9225806451612,0,2124,918.5806451612904
156,1,19,13.243589743589743,1,25,14.692307692307692,2,2180,983.6410256410256,0,2136,926.3846153846154
157,1,19,13.254777070063694,1,25,14.668789808917197,2,2196,991.3630573248407,0,2146,934.1528662420383
158,1,19,13.253164556962025,1,25,14.658227848101266,2,2212,999.0886075949367,0,2158,941.8987341772151
159,1,19,13.264150943396226,1,25,14.71069182389937,2,2230,1006.8301886792453,0,2180,949.6855345911949
160,1,19,13.275,1,25,14.7375,2,2246,1014.575,0,2198,957.4875
161,1,19,13.273291925465838,1,25,14.751552795031056,2,2262,1022.3229813664597,0,2214,965.2919254658385
162,1,19,13.283950617283951,1,25,14.790123456790123,2,2278,1030.0740740740741,0,2234,973.1234567901234
163,1,19,13.294478527607362,1,25,14.779141104294478,2,2292,1037.8159509202453,0,2246,980.9325153374233
164,1,19,13.317073170731707,1,25,14.78048780487805,2,2306,1045.5487804878048,0,2260,988.7317073170732
165,1,19,13.351515151515152,1,25,14.793939393939393,2,2322,1053.2848484848485,0,2276,996.5333333333333
166,1,19,13.349397590361447,1,25,14.795180722891565,2,2338,1061.0240963855422,0,2290,1004.3253012048193
167,1,19,13.37125748502994,1,25,14.820359281437126,2,2356,1068.7784431137725,0,2308,1012.1317365269462
168,1,19,13.369047619047619,1,25,14.869047619047619,2,2374,1076.547619047619,0,2330,1019.9761904761905
169,1,19,13.355029585798816,1,25,14.881656804733728,2,2392,1084.3313609467455,0,2346,1027.8224852071005
170,1,19,13.376470588235295,1,25,14.894117647058824,2,2408,1092.1176470588234,0,2362,1035.6705882352942
171,1,19,13.397660818713451,1,25,14.871345029239766,2,2424,1099.906432748538,0,2372,1043.485380116959
172,1,19,13.406976744186046,1,25,14.872093023255815,2,2442,1107.7093023255813,0,2386,1051.2906976744187
173,1,19,13.416184971098266,1,25,14.907514450867051,2,2458,1115.5144508670521,0,2406,1059.121387283237
174,1,19,13.379310344827585,1,25,14.954022988505747,2,2476,1123.3333333333333,0,2428,1066.9885057471265
175,1,19,13.365714285714287,1,25,14.954285714285714,2,2492,1131.1542857142856,0,2442,1074.8457142857144
176,1,19,13.386363636363637,1,25,14.988636363636363,2,2508,1138.9772727272727,0,2462,1082.7272727272727
177,1,19,13.384180790960452,1,25,15.045197740112995,2,2526,1146.8135593220338,0,2486,1090.6553672316384
178,1,19,13.393258426966293,1,25,15.101123595505618,2,2544,1154.6629213483145,0,2510,1098.629213483146
179,1,19,13.402234636871508,1,25,15.134078212290502,2,2562,1162.5251396648046,0,2530,1106.6256983240223
180,1,19,13.411111111111111,1,25,15.166666666666666,2,2580,1170.4,0,2550,1114.6444444444444
181,1,19,13.430939226519337,1,25,15.187845303867404,2,2596,1178.2762430939226,0,2568,1122.6740331491712
182,1,19,13.428571428571429,1,25,15.208791208791208,2,2612,1186.1538461538462,0,2586,1130.7142857142858
183,1,19,13.448087431693988,1,25,15.19672131147541,2,2630,1194.0437158469945,0,2598,1138.7322404371585
184,1,19,13.456521739130435,1,25,15.206521739130435,2,2648,1201.945652173913,0,2614,1146.75
185,1,19,13.475675675675676,1,25,15.194594594594594,2,2664,1209.8486486486486,0,2626,1154.745945945946
186,1,19,13.46236559139785,1,25,15.193548387096774,2,2682,1217.763440860215,0,2640,1162.731182795699
187,1,19,13.470588235294118,1,25,15.192513368983958,2,2698,1225.6791443850268,0,2654,1170.7058823529412
188,1,19,13.47872340425532,1,25,15.22340425531915,2,2716,1233.6063829787233,0,2674,1178.7021276595744
189,1,19,13.497354497354497,1,25,15.243386243386244,2,2732,1241.5343915343915,0,2692,1186.7089947089946
190,1,19,13.494736842105263,1,25,15.294736842105262,2,2750,1249.4736842105262,0,2716,1194.7578947368422
191,1,19,13.492146596858639,1,25,15.31413612565445,2,2768,1257.4240837696334,0,2734,1202.8167539267015
192,1,19,13.489583333333334,1,25,15.291666666666666,2,2784,1265.375,0,2744,1210.84375
193,1,19,13.487046632124352,1,25,15.321243523316062,2,2802,1273.3367875647668,0,2764,1218.8911917098446
194,1,19,13.505154639175258,1,25,15.350515463917526,2,2820,1281.3092783505156,0,2784,1226.958762886598
195,1,19,13.492307692307692,1,25,15.35897435897436,2,2838,1289.2923076923078,0,2800,1235.025641025641
196,1,19,13.5,1,25,15.39795918367347,2,2854,1297.2755102040817,0,2822,1243.1224489795918
197,1,19,13.49746192893401,1,25,15.446700507614214,2,2872,1305.2690355329948,0,2846,1251.2588832487309
198,1,19,13.494949494949495,1,25,15.494949494949495,2,2890,1313.2727272727273,0,2870,1259.4343434343434
199,1,19,13.50251256281407,1,27,15.552763819095478,2,2908,1321.286432160804,0,2896,1267.6582914572864
200,1,19,13.5,1,27,15.58,2,2926,1329.31,0,2916,1275.9
201,1,19,13.517412935323383,1,27,15.63681592039801,2,2944,1337.3432835820895,0,2942,1284.189054726368
202,1,19,13.534653465346535,1,27,15.643564356435643,2,2962,1345.3861386138615,0,2958,1292.4752475247524
203,1,19,13.532019704433498,1,27,15.679802955665025,2,2982,1353.448275862069,0,2980,1300.7881773399015
204,1,19,13.549019607843137,1,27,15.666666666666666,2,3000,1361.5196078431372,0,2992,1309.078431372549
205,1,19,13.55609756097561,1,27,15.673170731707318,2,3018,1369.6,0,3008,1317.3658536585365
206,1,19,13.572815533980583,1,27,15.718446601941748,2,3036,1377.6893203883494,0,3032,1325.6893203883494
207,1,19,13.579710144927537,1,27,15.734299516908212,2,3052,1385.7777777777778,0,3050,1334.0193236714977
208,1,19,13.586538461538462,1,27,15.759615384615385,2,3070,1393.875,0,3070,1342.3653846153845
209,1,19,13.583732057416269,1,27,15.746411483253588,2,3088,1401.9808612440193,0,3082,1350.688995215311
210,1,19,13.59047619047619,1,29,15.80952380952381,2,3108,1410.104761904762,0,3110,1359.0666666666666
211,1,19,13.568720379146919,1,29,15.824644549763033,2,3124,1418.2274881516587,0,3128,1367.4502369668246
212,1,19,13.584905660377359,1,29,15.839622641509434,2,3142,1426.3584905660377,0,3146,1375.8396226415093
213,1,19,13.60093896713615,1,29,15.863849765258216,2,3160,1434.4976525821596,0,3166,1384.2441314553992
214,1,19,13.616822429906541,1,29,15.85981308411215,2,3176,1442.6355140186915,0,3180,1392.6355140186915
215,1,19,13.64186046511628,1,29,15.883720930232558,2,3194,1450.7813953488371,0,3200,1401.0418604651163
216,1,19,13.666666666666666,1,29,15.935185185185185,2,3214,1458.9444444444443,0,3226,1409.4907407407406
217,1,19,13.672811059907835,1,29,15.930875576036867,2,3232,1467.115207373272,0,3240,1417.926267281106
218,1,19,13.669724770642201,1,29,15.954128440366972,2,3250,1475.2935779816514,0,3260,1426.3761467889908
219,1,19,13.684931506849315,1,29,16.004566210045663,2,3270,1483.4885844748858,0,3286,1434.867579908676
220,1,19,13.7,1,29,16.054545454545455,2,3288,1491.6909090909091,0,3312,1443.4
221,1,19,13.69683257918552,1,29,16.058823529411764,2,3306,1499.9004524886877,0,3328,1451.9276018099547
222,1,19,13.693693693693694,1,29,16.063063063063062,2,3324,1508.117117117117,0,3344,1460.4504504504505
223,1,19,13.699551569506726,1,29,16.05829596412556,2,3340,1516.3318385650225,0,3358,1468.9596412556054
224,1,19,13.705357142857142,1,29,16.0625,2,3358,1524.5535714285713,0,3374,1477.4642857142858
225,1,19,13.72888888888889,1,29,16.066666666666666,2,3376,1532.7822222222221,0,3390,1485.9644444444446
226,1,19,13.743362831858407,1,31,16.13274336283186,2,3396,1541.0265486725664,0,3420,1494.5221238938052
227,1,19,13.740088105726873,1,31,16.145374449339208,2,3414,1549.2775330396476,0,3438,1503.0837004405287
228,1,19,13.75438596491228,1,31,16.140350877192983,2,3434,1557.5438596491229,0,3452,1511.6315789473683
229,1,19,13.759825327510917,1,31,16.179039301310045,2,3450,1565.8078602620087,0,3476,1520.2096069868996
230,1,19,13.765217391304347,1,31,16.2,2,3468,1574.0782608695652,0,3496,1528.8
231,1,19,13.770562770562771,1,31,16.22077922077922,2,3486,1582.3549783549784,0,3516,1537.4025974025974
232,1,19,13.78448275862069,1,31,16.224137931034484,2,3504,1590.6379310344828,0,3532,1546.0
233,1,19,13.78969957081545,1,31,16.236051502145923,2,3522,1598.9270386266094,0,3550,1554.6008583690987
234,1,19,13.786324786324787,1,31,16.28205128205128,2,3540,1607.2222222222222,0,3576,1563.2393162393162
235,1,19,13.8,1,31,16.293617021276596,2,3558,1615.523404255319,0,3594,1571.8808510638298
236,1,19,13.822033898305085,1,31,16.322033898305083,2,3578,1623.8389830508474,0,3616,1580.542372881356
237,1,19,13.810126582278482,1,31,16.341772151898734,2,3598,1632.168776371308,0,3636,1589.2151898734178
238,1,19,13.798319327731093,1,31,16.33613445378151,2,3616,1640.5042016806722,0,3650,1597.873949579832
239,1,19,13.786610878661088,1,31,16.355648535564853,2,3634,1648.8451882845188,0,3670,1606.5439330543934
240,1,19,13.791666666666666,1,31,16.366666666666667,2,3652,1657.1916666666666,0,3688,1615.2166666666667
241,1,19,13.796680497925312,1,31,16.369294605809127,2,3670,1665.5435684647302,0,3704,1623.8838174273858
242,1,19,13.809917355371901,1,31,16.380165289256198,2,3688,1673.900826446281,0,3722,1632.5537190082644
243,1,19,13.823045267489713,1,31,16.382716049382715,2,3702,1682.2469135802469,0,3738,1641.2181069958847
244,1,19,13.836065573770492,1,31,16.385245901639344,2,3720,1690.5983606557377,0,3754,1649.877049180328
245,1,19,13.840816326530613,1,31,16.37142857142857,2,3738,1698.9551020408164,0,3766,1658.5142857142857
246,1,19,13.845528455284553,1,31,16.414634146341463,2,3758,1707.3252032520325,0,3792,1667.1869918699188
247,1,19,13.842105263157896,1,31,16.425101214574898,2,3776,1715.7004048582996,0,3810,1675.8623481781376
248,1,19,13.846774193548388,1,31,16.43548387096774,2,3794,1724.0806451612902,0,3828,1684.5403225806451
249,1,19,13.85140562248996,1,31,16.46987951807229,2,3812,1732.4658634538152,0,3852,1693.2449799196788
250,1,19,13.864,1,31,16.504,2,3830,1740.856,0,3876,1701.976
251,1,19,13.876494023904382,1,31,16.51394422310757,2,3848,1749.2509960159362,0,3894,1710.7091633466136
252,1,19,13.88888888888889,1,31,16.547619047619047,2,3864,1757.642857142857,0,3918,1719.468253968254
253,1,19,13.893280632411066,1,31,16.557312252964426,2,3884,1766.0474308300395,0,3936,1728.2292490118577
254,1,19,13.89763779527559,1,31,16.566929133858267,2,3902,1774.4566929133857,0,3954,1736.992125984252
255,1,19,13.909803921568628,1,31,16.584313725490198,2,3920,1782.870588235294,0,3974,1745.764705882353
256,1,19,13.9140625,1,31,16.6171875,2,3938,1791.2890625,0,3998,1754.5625
257,1,19,13.918287937743191,1,31,16.634241245136188,2,3956,1799.7120622568093,0,4018,1763.3696498054476
258,1,19,13.922480620155039,1,31,16.643410852713178,2,3974,1808.139534883721,0,4036,1772.1782945736434
259,1,19,13.911196911196912,1,31,16.66023166023166,2,3990,1816.5637065637065,0,4056,1780.996138996139
260,1,19,13.915384615384616,1,31,16.7,2,4006,1824.9846153846154,0,4082,1789.8461538461538
261,1,19,13.9272030651341,1,31,16.708812260536398,2,4024,1833.4099616858236,0,4100,1798.697318007663
262,1,19,13.938931297709924,1,31,16.740458015267176,2,4044,1841.8473282442749,0,4124,1807.5725190839694
263,1,19,13.94296577946768,1,31,16.74144486692015,2,4062,1850.2889733840304,0,4140,1816.4410646387832
264,1,19,13.962121212121213,1,31,16.765151515151516,2,4080,1858.7348484848485,0,4162,1825.3257575757575
265,1,19,13.958490566037735,1,31,16.81132075471698,2,4098,1867.1849056603774,0,4190,1834.2490566037736
266,1,19,13.977443609022556,1,31,16.834586466165412,2,4116,1875.639097744361,0,4212,1843.187969924812
267,1,19,13.97378277153558,1,31,16.850187265917604,2,4134,1884.0973782771537,0,4232,1852.1348314606741
268,1,19,13.977611940298507,1,31,16.83582089552239,2,4152,1892.5597014925372,0,4244,1861.0597014925372
269,1,19,13.988847583643123,1,31,16.828996282527882,2,4172,1901.0334572490706,0,4258,1869.9702602230484
270,1,19,14.0,1,31,16.85185185185185,2,4192,1909.5185185185185,0,4280,1878.8962962962962
271,1,19,13.99630996309963,1,31,16.85239852398524,2,4208,1918.0,0,4296,1887.8154981549815
272,1,19,13.985294117647058,1,31,16.875,2,4226,1926.485294117647,0,4318,1896.75
273,1,19,13.996336996336996,1,31,16.89010989010989,2,4244,1934.974358974359,0,4338,1905.6923076923076
274,1,19,14.007299270072993,1,31,16.912408759124087,2,4262,1943.4671532846714,0,4360,1914.6496350364964
275,1,19,14.018181818181818,1,31,16.956363636363637,2,4280,1951.9636363636364,0,4388,1923.6436363636365
276,1,19,14.014492753623188,1,31,16.97826086956522,2,4300,1960.4710144927535,0,4410,1932.6521739130435
277,1,19,14.032490974729242,1,31,16.971119133574007,2,4318,1968.9819494584838,0,4424,1941.6462093862815
278,1,19,14.028776978417266,1,31,16.992805755395683,2,4336,1977.4964028776978,0,4446,1950.6546762589928
279,1,19,14.039426523297491,1,31,16.985663082437277,2,4354,1986.0143369175628,0,4460,1959.6487455197132
280,1,19,14.05,1,31,17.014285714285716,2,4372,1994.5357142857142,0,4484,1968.6642857142858
281,1,19,14.06049822064057,1,31,17.01423487544484,2,4388,2003.053380782918,0,4500,1977.6725978647687
282,1,19,14.063829787234043,1,31,17.02836879432624,2,4408,2011.5815602836878,0,4520,1986.6879432624114
283,1,19,14.060070671378092,1,31,17.021201413427562,2,4426,2020.113074204947,0,4534,1995.6890459363958
284,1,19,14.049295774647888,1,31,17.06338028169014,2,4446,2028.6549295774648,0,4562,2004.725352112676
285,1,19,14.059649122807018,1,31,17.063157894736843,2,4464,2037.2,0,4578,2013.7543859649122
286,1,19,14.06993006993007,1,31,17.062937062937063,2,4482,2045.7482517482517,0,4594,2022.7762237762238
287,1,19,14.073170731707316,1,31,17.083623693379792,2,4500,2054.2996515679442,0,4616,2031.8118466898954
288,1,19,14.090277777777779,1,31,17.07638888888889,2,4518,2062.8541666666665,0,4630,2040.8333333333333
289,1,19,14.086505190311419,1,31,17.08304498269896,2,4538,2071.418685121107,0,4648,2049.8546712802768
290,1,19,14.089655172413794,1,31,17.117241379310343,2,4556,2079.9862068965517,0,4674,2058.903448275862
291,1,19,14.099656357388316,1,31,17.10996563573883,2,4574,2088.556701030928,0,4688,2067.938144329897
292,1,19,14.102739726027398,1,31,17.116438356164384,2,4592,2097.1301369863013,0,4706,2076.972602739726
293,1,19,14.10580204778157,1,31,17.14334470989761,2,4610,2105.7064846416383,0,4730,2086.027303754266
294,1,19,14.115646258503402,1,31,17.163265306122447,2,4630,2114.292517006803,0,4752,2095.095238095238
295,1,19,14.11864406779661,1,31,17.189830508474575,2,4648,2122.8813559322034,0,4776,2104.1830508474577
296,1,19,14.135135135135135,1,31,17.20945945945946,2,4666,2131.472972972973,0,4798,2113.2837837837837
297,1,19,14.144781144781145,1,31,17.208754208754208,2,4684,2140.06734006734,0,4814,2122.3771043771044
298,1,19,14.154362416107382,1,31,17.221476510067113,2,4704,2148.6711409395975,0,4834,2131.4765100671143
299,1,19,14.157190635451505,1,31,17.22742474916388,2,4722,2157.277591973244,0,4852,2140.57525083612
300,1,19,14.173333333333334,1,31,17.233333333333334,2,4740,2165.8866666666668,0,4870,2149.673333333333
301,1,19,14.17607973421927,1,31,17.259136212624586,2,4758,2174.498338870432,0,4894,2158.7906976744184
302,1,19,14.185430463576159,1,31,17.264900662251655,2,4776,2183.112582781457,0,4912,2167.907284768212
303,1,19,14.188118811881187,1,31,17.297029702970296,2,4796,2191.7359735973596,0,4938,2177.0495049504952
304,1,19,14.197368421052632,1,31,17.32236842105263,2,4816,2200.3684210526317,0,4962,2186.2105263157896
305,1,19,14.21311475409836,1,31,17.340983606557376,2,4834,2209.0032786885245,0,4984,2195.383606557377
306,1,19,14.215686274509803,1,31,17.366013071895424,2,4854,2217.6470588235293,0,5008,2204.575163398693
307,1,19,14.224755700325733,1,31,17.39087947882736,2,4874,2226.299674267101,0,5032,2213.785016286645
308,1,19,14.24025974025974,1,31,17.4025974025974,2,4894,2234.961038961039,0,5052,2223.0
309,1,19,14.242718446601941,1,31,17.39482200647249,2,4912,2243.624595469256,0,5066,2232.2006472491908
310,1,19,14.251612903225807,1,31,17.38064516129032,2,4932,2252.2967741935486,0,5078,2241.3806451612904
311,1,19,14.2475884244373,1,31,17.392282958199356,2,4952,2260.9774919614147,0,5098,2250.565916398714
312,1,19,14.243589743589743,1,31,17.371794871794872,2,4970,2269.6602564102564,0,5108,2259.724358974359
313,1,19,14.252396166134185,1,31,17.383386581469647,2,4990,2278.3514376996804,0,5128,2268.888178913738
314,1,19,14.242038216560509,1,31,17.401273885350317,2,5008,2287.044585987261,0,5150,2278.063694267516
315,1,19,14.244444444444444,1,31,17.43174603174603,2,5028,2295.746031746032,0,5176,2287.263492063492
316,1,19,14.246835443037975,1,31,17.474683544303797,2,5050,2304.4620253164558,0,5206,2296.5
317,1,19,14.25552050473186,1,31,17.485804416403784,2,5068,2313.179810725552,0,5226,2305.741324921136
318,1,19,14.264150943396226,1,31,17.49056603773585,2,5086,2321.8993710691825,0,5244,2314.9811320754716
319,1,19,14.266457680250785,1,31,17.50783699059561,2,5106,2330.6269592476488,0,5266,2324.23197492163
320,1,19,14.26875,1,31,17.5,2,5126,2339.3625,0,5280,2333.46875
321,1,19,14.277258566978194,1,31,17.50467289719626,2,5144,2348.0996884735205,0,5298,2342.7040498442366
322,1,19,14.285714285714286,1,31,17.509316770186334,2,5164,2356.8447204968943,0,5316,2351.9378881987577
323,1,19,14.294117647058824,1,31,17.507739938080494,2,5182,2365.5913312693497,0,5332,2361.1640866873063
324,1,19,14.302469135802468,1,31,17.493827160493826,2,5200,2374.3395061728397,0,5344,2370.3703703703704
325,1,19,14.304615384615385,1,31,17.498461538461537,2,5220,2383.095384615385,0,5362,2379.575384615385
326,1,19,14.312883435582823,1,31,17.50920245398773,2,5238,2391.852760736196,0,5382,2388.7852760736196
327,1,19,14.321100917431192,1,31,17.54434250764526,2,5258,2400.617737003058,0,5410,2398.0244648318044
328,1,19,14.329268292682928,1,31,17.548780487804876,2,5278,2409.390243902439,0,5428,2407.262195121951
329,1,19,14.337386018237082,1,31,17.559270516717326,2,5298,2418.1702127659573,0,5448,2416.504559270517
330,1,19,14.333333333333334,1,31,17.575757575757574,2,5318,2426.957575757576,0,5470,2425.757575757576
331,1,19,14.33534743202417,1,31,17.604229607250755,2,5334,2435.740181268882,0,5496,2435.0332326283988
332,1,19,14.343373493975903,1,31,17.626506024096386,2,5354,2444.5301204819275,0,5520,2444.3253012048194
333,1,19,14.33933933933934,1,31,17.61861861861862,2,5372,2453.321321321321,0,5534,2453.6036036036035
334,1,19,14.335329341317365,1,31,17.652694610778443,2,5394,2462.125748502994,0,5562,2462.9101796407185
335,1,19,14.343283582089553,1,31,17.66268656716418,2,5412,2470.931343283582,0,5582,2472.220895522388
336,1,19,14.345238095238095,1,31,17.696428571428573,2,5432,2479.7440476190477,0,5610,2481.559523809524
337,1,19,14.353115727002967,1,31,17.729970326409497,2,5450,2488.5578635014836,0,5638,2490.9258160237387
338,1,19,14.36094674556213,1,31,17.76923076923077,2,5472,2497.3846153846152,0,5668,2500.3254437869823
339,1,19,14.35693215339233,1,31,17.78466076696165,2,5490,2506.212389380531,0,5690,2509.734513274336
340,1,19,14.358823529411765,1,31,17.811764705882354,2,5506,2515.035294117647,0,5716,2519.164705882353
341,1,19,14.366568914956012,1,31,17.84457478005865,2,5524,2523.859237536657,0,5744,2528.6217008797653
342,1,19,14.362573099415204,1,31,17.859649122807017,2,5542,2532.684210526316,0,5766,2538.0877192982457
343,1,19,14.370262390670554,1,31,17.862973760932945,2,5560,2541.5102040816328,0,5784,2547.5510204081634
344,1,19,14.372093023255815,1,31,17.848837209302324,2,5578,2550.3372093023254,0,5796,2556.9941860465115
345,1,19,14.385507246376811,1,31,17.87536231884058,2,5600,2559.1768115942027,0,5822,2566.4579710144926
346,1,19,14.38728323699422,1,31,17.872832369942195,2,5618,2568.0173410404623,0,5838,2575.9132947976877
347,1,19,14.389048991354468,1,31,17.910662824207492,2,5636,2576.8587896253603,0,5868,2585.400576368876
348,1,19,14.39655172413793,1,31,17.913793103448278,2,5652,2585.6954022988507,0,5886,2594.885057471264
349,1,19,14.404011461318051,1,31,17.911174785100286,2,5670,2594.532951289398,0,5902,2604.3610315186247
350,1,19,14.411428571428571,1,31,17.914285714285715,2,5688,2603.3714285714286,0,5920,2613.8342857142857
351,1,19,14.413105413105413,1,31,17.91168091168091,2,5708,2612.2165242165242,0,5936,2623.2991452991455
352,1,19,14.414772727272727,1,31,17.90909090909091,2,5726,2621.0625,0,5952,2632.755681818182
353,1,19,14.422096317280452,1,31,17.93484419263456,2,5748,2629.920679886686,0,5978,2642.2322946175636
354,1,19,14.429378531073446,1,31,17.949152542372882,2,5768,2638.785310734463,0,6000,2651.7175141242938
355,1,19,14.43661971830986,1,31,17.980281690140846,2,5786,2647.650704225352,0,6028,2661.2281690140844
356,1,19,14.4438202247191,1,31,17.97752808988764,2,5804,2656.516853932584,0,6044,2670.7303370786517
357,1,19,14.445378151260504,1,31,17.952380952380953,2,5824,2665.389355742297,0,6052,2680.201680672269
358,1,19,14.452513966480447,1,31,17.98324022346369,2,5842,2674.2625698324023,0,6080,2689.6983240223462
359,1,19,14.459610027855152,1,31,17.969359331476323,2,5860,2683.136490250696,0,6092,2699.175487465181
360,1,19,14.455555555555556,1,31,17.97222222222222,2,5880,2692.016666666667,0,6110,2708.65
361,1,19,14.462603878116344,1,31,17.997229916897506,2,5900,2700.9030470914126,0,6136,2718.1440443213296
362,1,19,14.464088397790055,1,31,18.011049723756905,2,5918,2709.790055248619,0,6158,2727.646408839779
363,1,19,14.47107438016529,1,31,18.013774104683197,2,5938,2718.6831955922867,0,6176,2737.146005509642
364,1,19,14.472527472527473,1,31,18.016483516483518,2,5956,2727.576923076923,0,6194,2746.6428571428573
365,1,19,14.479452054794521,1,31,18.019178082191782,2,5974,2736.4712328767123,0,6212,2756.1369863013697
366,1,19,14.480874316939891,1,31,18.02185792349727,2,5992,2745.3661202185795,0,6230,2765.6284153005463
367,1,19,14.482288828337875,1,31,18.029972752043598,2,6012,2754.267029972752,0,6250,2775.122615803815
368,1,19,14.48913043478261,1,31,18.03804347826087,2,6032,2763.1739130434785,0,6270,2784.6195652173915
369,1,19,14.495934959349594,1,33,18.07859078590786,2,6052,2772.086720867209,0,6302,2794.1517615176153
370,1,19,14.502702702702702,1,33,18.0972972972973,2,6070,2781.0,0,6326,2803.697297297297
371,1,19,14.504043126684635,1,33,18.110512129380055,2,6092,2789.9245283018868,0,6348,2813.2506738544475
372,1,19,14.516129032258064,1,33,18.129032258064516,2,6114,2798.8602150537636,0,6372,2822.8172043010754
373,1,19,14.52278820375335,1,33,18.142091152815013,2,6132,2807.7962466487934,0,6394,2832.3914209115283
374,1,19,14.529411764705882,1,33,18.144385026737968,2,6150,2816.7326203208554,0,6412,2841.96256684492
375,1,19,14.530666666666667,1,33,18.157333333333334,2,6170,2825.674666666667,0,6434,2851.541333333333
376,1,19,14.53191489361702,1,33,18.164893617021278,2,6188,2834.6170212765956,0,6454,2861.122340425532
377,1,19,14.538461538461538,1,33,18.156498673740053,2,6208,2843.5649867374004,0,6468,2870.689655172414
378,1,19,14.544973544973544,1,33,18.164021164021165,2,6228,2852.5185185185187,0,6488,2880.259259259259
379,1,19,14.551451187335092,1,33,18.187335092348285,2,6248,2861.4775725593668,0,6514,2889.8469656992083
380,1,19,14.563157894736841,1,33,18.205263157894738,2,6268,2870.442105263158,0,6538,2899.4473684210525
381,1,19,14.569553805774278,1,33,18.212598425196852,2,6290,2879.417322834646,0,6558,2909.0498687664044
382,1,19,14.581151832460733,1,33,18.225130890052355,2,6310,2888.3979057591623,0,6580,2918.6596858638745
383,1,19,14.587467362924283,1,33,18.237597911227155,2,6330,2897.3838120104438,0,6602,2928.276762402089
384,1,19,14.59375,1,33,18.239583333333332,2,6348,2906.3697916666665,0,6620,2937.890625
385,1,19,14.6,1,33,18.26233766233766,2,6366,2915.3558441558444,0,6646,2947.522077922078
386,1,19,14.61139896373057,1,33,18.269430051813472,2,6388,2924.352331606218,0,6666,2957.1554404145077
387,1,19,14.622739018087856,1,33,18.29198966408269,2,6408,2933.354005167959,0,6692,2966.8062015503874
388,1,19,14.628865979381443,1,33,18.314432989690722,2,6428,2942.360824742268,0,6718,2976.4742268041236
389,1,19,14.63496143958869,1,33,18.311053984575835,2,6446,2951.367609254499,0,6734,2986.133676092545
390,1,19,14.646153846153846,1,33,18.328205128205127,2,6468,2960.3846153846152,0,6758,2995.8051282051283
391,1,19,14.652173913043478,1,33,18.365728900255753,2,6490,2969.4117647058824,0,6790,3005.5089514066494
392,1,19,14.658163265306122,1,33,18.377551020408163,2,6510,2978.4438775510203,0,6812,3015.219387755102
393,1,19,14.664122137404581,1,33,18.384223918575064,2,6530,2987.4809160305344,0,6832,3024.9312977099235
394,1,19,14.6751269035533,1,33,18.390862944162436,2,6550,2996.522842639594,0,6852,3034.6446700507613
395,1,19,14.686075949367089,1,33,18.40759493670886,2,6570,3005.5696202531644,0,6876,3044.3696202531646
396,1,19,14.691919191919192,1,33,18.40909090909091,2,6590,3014.621212121212,0,6894,3054.090909090909
397,1,19,14.702770780856422,1,33,18.425692695214106,2,6610,3023.67758186398,0,6918,3063.823677581864
398,1,19,14.71356783919598,1,33,18.4321608040201,2,6632,3032.743718592965,0,6938,3073.5577889447236
399,1,19,14.714285714285714,1,33,18.448621553884713,2,6650,3041.809523809524,0,6962,3083.3032581453635
400,1,19,14.725,1,33,18.465,2,6670,3050.88,0,6986,3093.06
401,1,19,14.730673316708229,1,33,18.481296758104737,2,6690,3059.955112219451,0,7010,3102.827930174564
402,1,19,14.74129353233831,1,33,18.497512437810947,2,6710,3069.0348258706467,0,7034,3112.6069651741295
403,1,19,14.746898263027296,1,33,18.49379652605459,2,6728,3078.1141439205953,0,7050,3122.377171215881
404,1,19,14.757425742574258,1,33,18.5,2,6748,3087.19801980198,0,7070,3132.1485148514853
405,1,19,14.758024691358024,1,33,18.506172839506174,2,6768,3096.286419753086,0,7090,3141.920987654321
406,1,19,14.758620689655173,1,33,18.51231527093596,2,6786,3105.3743842364534,0,7110,3151.694581280788
407,1,19,14.769041769041769,1,33,18.513513513513512,2,6806,3114.4668304668303,0,7128,3161.4643734643732
408,1,19,14.779411764705882,1,33,18.529411764705884,2,6826,3123.5637254901962,0,7152,3171.2450980392155
409,1,19,14.78484107579462,1,33,18.535452322738386,2,6846,3132.6650366748167,0,7172,3181.0268948655257
410,1,19,14.790243902439025,1,33,18.55609756097561,2,6866,3141.7707317073173,0,7198,3190.8243902439026
411,1,19,14.795620437956204,1,33,18.57177615571776,2,6884,3150.875912408759,0,7222,3200.632603406326
412,1,19,14.79126213592233,1,33,18.58252427184466,2,6904,3159.9854368932038,0,7244,3210.4466019417478
413,1,19,14.796610169491526,1,33,18.578692493946733,2,6924,3169.0992736077483,0,7260,3220.2518159806295
414,1,19,14.806763285024154,1,33,18.613526570048307,2,6946,3178.222222222222,0,7292,3230.086956521739
415,1,19,14.812048192771085,1,33,18.62409638554217,2,6968,3187.35421686747,0,7314,3239.9277108433735
416,1,19,14.817307692307692,1,33,18.60576923076923,2,6988,3196.4903846153848,0,7324,3249.7451923076924
417,1,19,14.822541966426858,1,33,18.60671462829736,2,7006,3205.6258992805756,0,7342,3259.558752997602
418,1,19,14.82775119617225,1,33,18.60287081339713,2,7024,3214.7607655502393,0,7358,3269.3636363636365
419,1,19,14.83293556085919,1,33,18.618138424821,2,7044,3223.8997613365154,0,7382,3279.178997613365
420,1,19,14.838095238095239,1,33,18.633333333333333,2,7064,3233.042857142857,0,7406,3289.004761904762
421,1,19,14.847980997624703,1,33,18.653206650831354,2,7086,3242.1947743467936,0,7432,3298.8456057007124
422,1,19,14.843601895734597,1,33,18.654028436018958,2,7106,3251.350710900474,0,7450,3308.6824644549765
423,1,19,14.853427895981087,1,33,18.6548463356974,2,7126,3260.5106382978724,0,7468,3318.51536643026
424,1,19,14.86320754716981,1,33,18.669811320754718,2,7148,3269.6792452830186,0,7492,3328.3584905660377
425,1,19,14.868235294117648,1,33,18.656470588235294,2,7166,3278.8470588235296,0,7504,3338.1835294117645
426,1,19,14.873239436619718,1,33,18.657276995305164,2,7182,3288.0093896713615,0,7522,3348.0046948356808
427,1,19,14.873536299765808,1,33,18.66744730679157,2,7200,3297.1709601873536,0,7544,3357.831381733021
428,1,19,14.878504672897197,1,33,18.677570093457945,2,7220,3306.336448598131,0,7566,3367.663551401869
429,1,19,14.883449883449883,1,33,18.678321678321677,2,7238,3315.5011655011654,0,7584,3377.4918414918416
430,1,19,14.893023255813954,1,33,18.693023255813955,2,7260,3324.6744186046512,0,7608,3387.3302325581394
431,1,19,14.902552204176335,1,33,18.693735498839906,2,7280,3333.8515081206497,0,7626,3397.1647331786544
432,1,19,14.912037037037036,1,33,18.72222222222222,2,7302,3343.037037037037,0,7656,3407.0231481481483
433,1,19,14.916859122401847,1,33,18.745958429561203,2,7320,3352.2217090069284,0,7684,3416.9006928406466
434,1,19,14.921658986175116,1,33,18.76036866359447,2,7340,3361.410138248848,0,7708,3426.78801843318
435,1,19,14.92183908045977,1,33,18.78390804597701,2,7356,3370.593103448276,0,7736,3436.694252873563
436,1,19,14.926605504587156,1,33,18.788990825688074,2,7376,3379.7798165137615,0,7756,3446.6009174311926
437,1,19,14.935926773455378,1,33,18.80320366132723,2,7396,3388.9702517162473,0,7780,3456.5171624713957
438,1,19,14.945205479452055,1,33,18.80821917808219,2,7418,3398.1689497716893,0,7800,3466.433789954338
439,1,19,14.9498861047836,1,33,18.813211845102504,2,7438,3407.371298405467,0,7820,3476.3507972665147
440,1,19,14.954545454545455,1,33,18.8,2,7456,3416.572727272727,0,7832,3486.25
441,1,19,14.959183673469388,1,33,18.81859410430839,2,7478,3425.78231292517,0,7858,3496.1632653061224
442,1,19,14.963800904977376,1,33,18.832579185520363,2,7498,3434.995475113122,0,7882,3506.085972850679
443,1,19,14.968397291196387,1,33,18.851015801354404,2,7520,3444.216704288939,0,7908,3516.022573363431
444,1,19,14.977477477477477,1,33,18.855855855855857,2,7540,3453.4414414414414,0,7928,3525.9594594594596
445,1,19,14.986516853932585,1,33,18.865168539325843,2,7560,3462.6696629213484,0,7950,3535.9011235955054
446,1,19,14.991031390134529,1,33,18.8609865470852,2,7580,3471.9013452914796,0,7966,3545.8340807174886
447,1,19,15.0,1,33,18.86577181208054,2,7600,3481.136465324385,0,7986,3555.767337807606
448,1,19,15.004464285714286,1,33,18.875,2,7620,3490.375,0,8008,3565.7053571428573
449,1,19,15.0,1,33,18.870824053452115,2,7638,3499.6124721603564,0,8024,3575.634743875278
450,1,19,15.008888888888889,1,33,18.875555555555554,2,7658,3508.8533333333335,0,8044,3585.5644444444442
451,1,19,15.017738359201774,1,33,18.88470066518847,2,7680,3518.10199556541,0,8066,3595.49889135255
452,1,19,15.02212389380531,1,33,18.893805309734514,2,7700,3527.353982300885,0,8088,3605.4380530973453
453,1,19,15.030905077262693,1,33,18.898454746136867,2,7720,3536.609271523179,0,8108,3615.3774834437086
454,1,19,15.039647577092511,1,33,18.894273127753305,2,7740,3545.8678414096917,0,8124,3625.308370044053
455,1,19,15.043956043956044,1,33,18.912087912087912,2,7758,3555.1252747252747,0,8150,3635.252747252747
456,1,19,15.048245614035087,1,33,18.92982456140351,2,7776,3564.3815789473683,0,8176,3645.2105263157896
457,1,19,15.052516411378555,1,33,18.921225382932167,2,7794,3573.636761487965,0,8190,3655.1553610503283
458,1,19,15.06113537117904,1,33,18.912663755458514,2,7814,3582.8951965065503,0,8204,3665.0873362445413
459,1,19,15.069716775599128,1,33,18.92156862745098,2,7834,3592.156862745098,0,8226,3675.0239651416123
460,1,19,15.078260869565218,1,33,18.943478260869565,2,7854,3601.4217391304346,0,8254,3684.978260869565
461,1,19,15.078091106290673,1,33,18.94360086767896,2,7874,3610.6898047722343,0,8272,3694.9284164859
462,1,19,15.082251082251082,1,33,18.93073593073593,2,7892,3619.95670995671,0,8284,3704.8614718614717
463,1,19,15.086393088552915,1,33,18.930885529157667,2,7912,3629.2267818574514,0,8302,3714.790496760259
464,1,19,15.094827586206897,1,33,18.94396551724138,2,7932,3638.5,0,8326,3724.728448275862
465,1,19,15.103225806451613,1,33,18.944086021505377,2,7954,3647.7806451612905,0,8344,3734.6623655913977
466,1,19,15.103004291845494,1,33,18.96137339055794,2,7974,3657.0643776824036,0,8370,3744.6094420600857
467,1,19,15.11134903640257,1,33,18.98286937901499,2,7996,3666.355460385439,0,8398,3754.573875802998
468,1,19,15.11965811965812,1,33,18.974358974358974,2,8016,3675.6495726495727,0,8412,3764.525641025641
469,1,19,15.119402985074627,1,33,18.97867803837953,2,8036,3684.946695095949,0,8432,3774.4776119402986
470,1,19,15.127659574468085,1,33,18.97872340425532,2,8056,3694.2468085106384,0,8450,3784.425531914894
471,1,19,15.13588110403397,1,33,18.97876857749469,2,8076,3703.5498938428873,0,8468,3794.3694267515925
472,1,19,15.14406779661017,1,33,18.978813559322035,2,8096,3712.85593220339,0,8486,3804.3093220338983
473,1,19,15.14799154334038,1,33,18.99154334038055,2,8114,3722.1606765327697,0,8510,3814.257928118393
474,1,19,15.151898734177216,1,33,18.9957805907173,2,8134,3731.46835443038,0,8530,3824.2067510548522
475,1,19,15.16,1,33,19.004210526315788,2,8154,3740.778947368421,0,8552,3834.16
476,1,19,15.163865546218487,1,33,19.00420168067227,2,8176,3750.0966386554624,0,8570,3844.109243697479
477,1,19,15.171907756813416,1,33,18.9958071278826,2,8196,3759.4171907756813,0,8584,3854.0461215932914
478,1,19,15.175732217573222,1,33,19.00418410041841,2,8214,3768.73640167364,0,8606,3863.9874476987447
479,1,19,15.175365344467641,1,33,19.025052192066806,2,8234,3778.0584551148227,0,8634,3873.945720250522
480,1,19,15.183333333333334,1,33,19.041666666666668,2,8256,3787.3875,0,8660,3883.9166666666665
481,1,19,15.182952182952183,1,33,19.037422037422036,2,8276,3796.7193347193347,0,8676,3893.879417879418
482,1,19,15.182572614107883,1,33,19.024896265560166,2,8294,3806.04979253112,0,8688,3903.825726141079
483,1,19,15.186335403726709,1,33,19.016563146997928,2,8314,3815.383022774327,0,8702,3913.75983436853
484,1,19,15.194214876033058,1,33,19.024793388429753,2,8334,3824.719008264463,0,8724,3923.698347107438
485,1,19,15.202061855670102,1,33,19.016494845360825,2,8354,3834.057731958763,0,8738,3933.6247422680412
486,1,19,15.209876543209877,1,33,19.037037037037038,2,8376,3843.40329218107,0,8766,3943.567901234568
487,1,21,15.2217659137577,1,33,19.04928131416838,2,8398,3852.7556468172484,0,8790,3953.5195071868584
488,1,21,15.229508196721312,1,33,19.065573770491802,2,8420,3862.1147540983607,0,8816,3963.4836065573772
489,1,21,15.233128834355828,1,33,19.06952965235174,2,8438,3871.472392638037,0,8836,3973.447852760736
490,1,21,15.240816326530613,1,33,19.073469387755104,2,8458,3880.8326530612244,0,8856,3983.412244897959
491,1,21,15.24847250509165,1,33,19.077393075356415,2,8478,3890.195519348269,0,8876,3993.3767820773933
492,1,21,15.252032520325203,1,33,19.09349593495935,2,8500,3899.5650406504064,0,8902,4003.3536585365855
493,1,21,15.259634888438134,1,35,19.125760649087223,2,8520,3908.9371196754564,0,8936,4013.3590263691685
494,1,21,15.267206477732794,1,35,19.13765182186235,2,8540,3918.3117408906883,0,8960,4023.3724696356276
495,1,21,15.274747474747475,1,35,19.14949494949495,2,8562,3927.6929292929294,0,8984,4033.3939393939395
496,1,21,15.274193548387096,1,35,19.14516129032258,2,8582,3937.076612903226,0,9000,4043.407258064516
497,1,21,15.277665995975855,1,35,19.15291750503018,2,8600,3946.4587525150905,0,9022,4053.4245472837024
498,1,21,15.281124497991968,1,35,19.160642570281123,2,8622,3955.847389558233,0,9044,4063.4457831325303
499,1,21,15.288577154308618,1,35,19.17635270541082,2,8642,3965.2384769539076,0,9070,4073.478957915832
500,1,21,15.296,1,35,19.184,2,8662,3974.632,0,9092,4083.516
